"Adult..15...literacy.rate......Total","X1975","X1976","X1977","X1978","X1979","X1980","X1981","X1982","X1983","X1984","X1985","X1986","X1987","X1988","X1989","X1990","X1991","X1992","X1993","X1994","X1995","X1996","X1997","X1998","X1999","X2000","X2001","X2002","X2003","X2004","X2005","X2006","X2007","X2008","X2009","X2010","X2011"
"Afghanistan",NA,NA,NA,NA,18.1576811342053,NA,NA,NA,NA,NA,NA,NA,NA,NA,NA,NA,NA,NA,NA,NA,NA,NA,NA,NA,NA,NA,NA,NA,NA,NA,NA,NA,NA,NA,NA,NA,39
"Albania",NA,NA,NA,NA,NA,NA,NA,NA,NA,NA,NA,NA,NA,NA,NA,NA,NA,NA,NA,NA,NA,NA,NA,NA,NA,NA,98.7129780776867,NA,NA,NA,NA,NA,NA,95.9386397822897,NA,NA,96.8452991514299
"Algeria",NA,NA,NA,NA,NA,NA,NA,NA,NA,NA,NA,NA,49.630884834899,NA,NA,NA,NA,NA,NA,NA,NA,NA,NA,NA,NA,NA,NA,69.8735004434486,NA,NA,NA,72.6486791729118,NA,NA,NA,NA,NA
"Andorra",NA,NA,NA,NA,NA,NA,NA,NA,NA,NA,NA,NA,NA,NA,NA,NA,NA,NA,NA,NA,NA,NA,NA,NA,NA,NA,NA,NA,NA,NA,NA,NA,NA,NA,NA,NA,NA
"Angola",NA,NA,NA,NA,NA,NA,NA,NA,NA,NA,NA,NA,NA,NA,NA,NA,NA,NA,NA,NA,NA,NA,NA,NA,NA,NA,67.4054160382926,NA,NA,NA,NA,NA,NA,NA,NA,NA,70.36242
"Anguilla",NA,NA,NA,NA,NA,NA,NA,NA,NA,95.4070981210856,NA,NA,NA,NA,NA,NA,NA,NA,NA,NA,NA,NA,NA,NA,NA,NA,NA,NA,NA,NA,NA,NA,NA,NA,NA,NA,NA
"Antigua and Barbuda",NA,NA,NA,NA,NA,NA,NA,NA,NA,NA,NA,NA,NA,NA,NA,NA,NA,NA,NA,NA,NA,NA,NA,NA,NA,NA,98.95,NA,NA,NA,NA,NA,NA,NA,NA,NA,98.95
"Argentina",NA,NA,NA,NA,NA,93.9128597082666,NA,NA,NA,NA,NA,NA,NA,NA,NA,NA,96.1281958552696,NA,NA,NA,NA,NA,NA,NA,NA,NA,97.1933115834792,NA,NA,NA,NA,NA,NA,NA,NA,NA,97.85877
"Armenia",NA,NA,NA,NA,NA,NA,NA,NA,NA,NA,NA,NA,NA,NA,98.7519649303406,NA,NA,NA,NA,NA,NA,NA,NA,NA,NA,NA,99.4001565166496,NA,NA,NA,NA,NA,NA,NA,NA,NA,99.56817
"Aruba",NA,NA,NA,NA,NA,NA,NA,NA,NA,NA,NA,NA,NA,NA,NA,NA,NA,NA,NA,NA,NA,NA,NA,NA,NA,97.2912521241522,NA,NA,NA,NA,NA,NA,NA,NA,NA,96.8226400949585,NA
"Australia",NA,NA,NA,NA,NA,NA,NA,NA,NA,NA,NA,NA,NA,NA,NA,NA,NA,NA,NA,NA,NA,NA,NA,NA,NA,NA,NA,NA,NA,NA,NA,NA,NA,NA,NA,NA,NA
"Austria",NA,NA,NA,NA,NA,NA,NA,NA,NA,NA,NA,NA,NA,NA,NA,NA,NA,NA,NA,NA,NA,NA,NA,NA,NA,NA,NA,NA,NA,NA,NA,NA,NA,NA,NA,NA,NA
"Azerbaijan",NA,NA,NA,NA,NA,NA,NA,NA,NA,NA,NA,NA,NA,NA,NA,NA,NA,NA,NA,NA,NA,NA,NA,NA,98.7918027041485,NA,NA,NA,NA,NA,NA,NA,99.6019062009647,NA,99.7598406747891,NA,NA
"Bahamas",NA,NA,NA,NA,NA,NA,NA,NA,NA,NA,NA,NA,NA,NA,NA,NA,NA,NA,NA,NA,NA,NA,NA,NA,NA,NA,NA,NA,NA,NA,NA,NA,NA,NA,NA,NA,NA
"Bahrain",NA,NA,NA,NA,NA,NA,69.7535140924992,NA,NA,NA,NA,NA,NA,NA,NA,NA,84.013829627317,NA,NA,NA,NA,NA,NA,NA,NA,NA,86.548744232634,NA,NA,NA,NA,NA,NA,NA,NA,94.5567917987051,NA
"Bangladesh",NA,NA,NA,NA,NA,NA,29.2272326765532,NA,NA,NA,NA,NA,NA,NA,NA,NA,35.3192956177543,NA,NA,NA,NA,NA,NA,NA,NA,NA,47.48550010368,NA,NA,NA,NA,NA,NA,NA,NA,NA,57.73479
"Barbados",NA,NA,NA,NA,NA,NA,NA,NA,NA,NA,NA,NA,NA,NA,NA,NA,NA,NA,NA,NA,NA,NA,NA,NA,NA,NA,NA,NA,NA,NA,NA,NA,NA,NA,NA,NA,NA
"Belarus",NA,NA,NA,NA,NA,NA,NA,NA,NA,NA,NA,NA,NA,NA,97.8833721495662,NA,NA,NA,NA,NA,NA,NA,NA,NA,99.5907324275548,NA,NA,NA,NA,NA,NA,NA,NA,NA,99.6170606016854,NA,NA
"Belgium",NA,NA,NA,NA,NA,NA,NA,NA,NA,NA,NA,NA,NA,NA,NA,NA,NA,NA,NA,NA,NA,NA,NA,NA,NA,NA,NA,NA,NA,NA,NA,NA,NA,NA,NA,NA,NA
"Belize",NA,NA,NA,NA,NA,NA,NA,NA,NA,NA,NA,NA,NA,NA,NA,NA,70.2984226365169,NA,NA,NA,NA,NA,NA,NA,NA,NA,NA,NA,NA,NA,NA,NA,NA,NA,NA,NA,NA
"Benin",NA,NA,NA,NA,16.4827944952765,NA,NA,NA,NA,NA,NA,NA,NA,NA,NA,NA,NA,27.2452503283551,NA,NA,NA,NA,NA,NA,NA,NA,NA,34.6578467676293,NA,NA,NA,28.7021114520994,NA,NA,NA,NA,NA
"Bermuda",NA,NA,NA,NA,NA,NA,NA,NA,NA,NA,NA,NA,NA,NA,NA,NA,NA,NA,NA,NA,NA,NA,NA,NA,NA,NA,NA,NA,NA,NA,NA,NA,NA,NA,NA,NA,NA
"Bhutan",NA,NA,NA,NA,NA,NA,NA,NA,NA,NA,NA,NA,NA,NA,NA,NA,NA,NA,NA,NA,NA,NA,NA,NA,NA,NA,NA,NA,NA,NA,52.8146910733613,NA,NA,NA,NA,NA,NA
"Bolivia",NA,63.2081491618074,NA,NA,NA,NA,NA,NA,NA,NA,NA,NA,NA,NA,NA,NA,NA,79.9917747849074,NA,NA,NA,NA,NA,NA,NA,NA,86.7236666158788,NA,NA,NA,NA,NA,90.7434698727354,90.6981056181136,91.1678254605258,NA,NA
"Bosnia and Herzegovina",NA,NA,NA,NA,NA,NA,NA,NA,NA,NA,NA,NA,NA,NA,NA,NA,NA,NA,NA,NA,NA,NA,NA,NA,NA,96.6630984459784,NA,NA,NA,NA,NA,NA,NA,NA,NA,NA,98.00262
"Botswana",NA,NA,NA,NA,NA,NA,NA,NA,NA,NA,NA,NA,NA,NA,NA,NA,68.5809087315753,NA,NA,NA,NA,NA,NA,NA,NA,NA,NA,NA,81.1887097498112,NA,NA,NA,NA,NA,NA,NA,85.09085
"Brazil",NA,NA,NA,NA,NA,74.5867284380378,NA,NA,NA,NA,NA,NA,NA,NA,NA,NA,NA,NA,NA,NA,NA,NA,NA,NA,NA,86.3678796176937,NA,NA,NA,88.6162425254196,NA,89.6152270013173,90.0093695609266,90.0366199363756,90.2982098440094,90.3791774371346,NA
"British Virgin Islands",NA,NA,NA,NA,NA,NA,NA,NA,NA,NA,NA,NA,NA,NA,NA,NA,NA,NA,NA,NA,NA,NA,NA,NA,NA,NA,NA,NA,NA,NA,NA,NA,NA,NA,NA,NA,NA
"Brunei",NA,NA,NA,NA,NA,NA,77.8342121915208,NA,NA,NA,NA,NA,NA,NA,NA,NA,87.8041776069017,NA,NA,NA,NA,NA,NA,NA,NA,NA,92.6711277443389,NA,NA,NA,NA,NA,NA,NA,NA,NA,95.447
"Bulgaria",NA,NA,NA,NA,NA,NA,NA,NA,NA,NA,NA,NA,NA,NA,NA,NA,NA,NA,NA,NA,NA,NA,NA,NA,NA,NA,98.2035557670328,NA,NA,NA,NA,NA,NA,NA,NA,NA,98.3524481093228
"Burkina Faso",8.68514544078804,NA,NA,NA,NA,NA,NA,NA,NA,NA,NA,NA,NA,NA,NA,NA,13.5692319572406,NA,NA,NA,NA,12.8481689342596,NA,NA,NA,NA,NA,NA,21.8229162428494,NA,23.5537181150355,NA,28.7292135965511,NA,NA,NA,NA
"Burundi",NA,NA,NA,NA,22.5085507598959,NA,NA,NA,NA,NA,NA,NA,NA,NA,NA,37.3847234431165,NA,NA,NA,NA,NA,NA,NA,NA,NA,59.3036211699164,NA,NA,NA,NA,NA,NA,NA,86.9478703795691,NA,NA,NA
"Cambodia",NA,NA,NA,NA,NA,NA,NA,NA,NA,NA,NA,NA,NA,NA,NA,NA,NA,NA,NA,NA,NA,NA,NA,67.3350295571421,NA,NA,NA,NA,NA,73.6099547737819,NA,NA,NA,77.5865427269882,73.9000255707423,NA,NA
"Cameroon",NA,41.2162111674075,NA,NA,NA,NA,NA,NA,NA,NA,NA,NA,NA,NA,NA,NA,NA,NA,NA,NA,NA,NA,NA,NA,NA,68.409159385357,NA,NA,NA,NA,NA,NA,70.6799377977052,NA,NA,71.2905077302749,NA
"Canada",NA,NA,NA,NA,NA,NA,NA,NA,NA,NA,NA,NA,NA,NA,NA,NA,NA,NA,NA,NA,NA,NA,NA,NA,NA,NA,NA,NA,NA,NA,NA,NA,NA,NA,NA,NA,NA
"Cape Verde",NA,NA,NA,NA,NA,NA,NA,NA,NA,NA,NA,NA,NA,NA,NA,62.7968590398366,NA,NA,NA,NA,NA,NA,NA,NA,NA,NA,NA,NA,NA,79.99211,NA,NA,NA,NA,NA,NA,84.93627
"Cayman Islands",NA,NA,NA,NA,NA,NA,NA,NA,NA,NA,NA,NA,NA,NA,NA,NA,NA,NA,NA,NA,NA,NA,NA,NA,NA,NA,NA,NA,NA,NA,NA,NA,98.867823243784,NA,NA,NA,NA
"Central African Rep.",18.2361715024611,NA,NA,NA,NA,NA,NA,NA,NA,NA,NA,NA,NA,33.6244222189088,NA,NA,NA,NA,NA,NA,NA,NA,NA,NA,NA,50.6451688172294,NA,NA,NA,NA,NA,NA,NA,NA,NA,NA,56.613
"Chad",NA,NA,NA,NA,NA,NA,NA,NA,NA,NA,NA,NA,NA,NA,NA,NA,NA,NA,10.8946531408644,NA,NA,NA,NA,NA,NA,25.654214875994,NA,NA,NA,28.3814337012901,NA,NA,NA,NA,NA,NA,35.39147
"Chile",NA,NA,NA,NA,NA,NA,NA,91.1284037264823,NA,NA,NA,NA,NA,NA,NA,NA,NA,94.2911367986162,NA,NA,NA,NA,NA,NA,NA,NA,NA,95.7166242261816,NA,NA,NA,NA,NA,98.6490080207966,98.5536760932911,NA,NA
"China",NA,NA,NA,NA,NA,NA,NA,65.5050857281018,NA,NA,NA,NA,NA,NA,NA,77.7850586373638,NA,NA,NA,NA,NA,NA,NA,NA,NA,90.9202103765714,NA,NA,NA,NA,NA,NA,NA,NA,NA,95.1244771055825,NA
"Colombia",NA,NA,NA,NA,NA,NA,NA,NA,NA,NA,NA,NA,NA,NA,NA,NA,NA,NA,81.3755544712249,NA,NA,91.2071618552533,NA,NA,NA,NA,NA,NA,NA,92.8037765497774,92.8486622124956,92.2996787174521,92.6517943076772,93.378176366906,93.2446864346351,93.372328689547,93.5805336423026
"Comoros",NA,NA,NA,NA,NA,47.9192331608649,NA,NA,NA,NA,NA,NA,NA,NA,NA,NA,NA,NA,NA,NA,NA,NA,NA,NA,NA,68.4892343428929,NA,NA,NA,NA,NA,NA,NA,NA,NA,NA,75.53978
"Congo, Dem. Rep.",NA,NA,NA,NA,NA,NA,NA,NA,NA,NA,NA,NA,NA,NA,NA,NA,NA,NA,NA,NA,NA,NA,NA,NA,NA,NA,67.1729897055648,NA,NA,NA,NA,NA,61.2055452473384,NA,NA,NA,NA
"Congo, Rep.",NA,NA,NA,NA,NA,NA,NA,NA,NA,NA,NA,NA,NA,NA,NA,NA,NA,NA,NA,NA,NA,NA,NA,NA,NA,NA,NA,NA,NA,NA,NA,NA,NA,NA,NA,NA,NA
"Cook Islands",NA,NA,NA,NA,NA,NA,NA,NA,NA,NA,NA,NA,NA,NA,NA,NA,NA,NA,NA,NA,NA,NA,NA,NA,NA,NA,NA,NA,NA,NA,NA,NA,NA,NA,NA,NA,NA
"Costa Rica",NA,NA,NA,NA,NA,NA,NA,NA,NA,92.6290420156222,NA,NA,NA,NA,NA,NA,NA,NA,NA,NA,NA,NA,NA,NA,NA,94.8681870553087,NA,NA,NA,NA,NA,NA,NA,NA,NA,NA,96.25802
"Cote d'Ivoire",NA,NA,NA,NA,NA,NA,NA,NA,NA,NA,NA,NA,NA,34.1392783603934,NA,NA,NA,NA,NA,NA,NA,NA,NA,36.3502420108432,NA,48.7407620004305,NA,NA,NA,NA,NA,NA,NA,NA,NA,NA,56.86751
"Croatia",NA,NA,NA,NA,NA,NA,NA,NA,NA,NA,NA,NA,NA,NA,NA,NA,96.7015479603041,NA,NA,NA,NA,NA,NA,NA,NA,NA,98.1466783935164,NA,NA,NA,NA,NA,NA,NA,NA,NA,98.8807
"Cuba",NA,NA,NA,NA,NA,NA,97.8466504241794,NA,NA,NA,NA,NA,NA,NA,NA,NA,NA,NA,NA,NA,NA,NA,NA,NA,NA,NA,NA,99.7990743571252,NA,NA,NA,NA,NA,NA,NA,NA,99.83425
"Cyprus",NA,NA,NA,NA,NA,NA,NA,NA,NA,NA,NA,NA,NA,NA,NA,NA,NA,94.3624701971188,NA,NA,NA,NA,NA,NA,NA,NA,96.8036309117966,NA,NA,NA,NA,NA,NA,NA,NA,NA,98.6784255498616
"Czech Rep.",NA,NA,NA,NA,NA,NA,NA,NA,NA,NA,NA,NA,NA,NA,NA,NA,NA,NA,NA,NA,NA,NA,NA,NA,NA,NA,NA,NA,NA,NA,NA,NA,NA,NA,NA,NA,NA
"Denmark",NA,NA,NA,NA,NA,NA,NA,NA,NA,NA,NA,NA,NA,NA,NA,NA,NA,NA,NA,NA,NA,NA,NA,NA,NA,NA,NA,NA,NA,NA,NA,NA,NA,NA,NA,NA,NA
"Djibouti",NA,NA,NA,NA,NA,NA,NA,NA,NA,NA,NA,NA,NA,NA,NA,NA,NA,NA,NA,NA,NA,NA,NA,NA,NA,NA,NA,NA,NA,NA,NA,NA,NA,NA,NA,NA,NA
"Dominica",NA,NA,NA,NA,NA,NA,NA,NA,NA,NA,NA,NA,NA,NA,NA,NA,NA,NA,NA,NA,NA,NA,NA,NA,NA,NA,NA,NA,NA,NA,NA,NA,NA,NA,NA,NA,NA
"Dominican Rep.",NA,NA,NA,NA,NA,NA,73.0645685435239,NA,NA,NA,NA,NA,NA,NA,NA,NA,NA,NA,NA,NA,NA,NA,NA,NA,NA,NA,NA,86.9964674553766,NA,NA,NA,NA,88.2444613036299,NA,NA,89.5387331937107,90.1062678813442
"Ecuador",NA,NA,NA,NA,NA,NA,NA,83.5526860606578,NA,NA,NA,NA,NA,NA,NA,88.2987629813343,NA,NA,NA,NA,NA,NA,NA,NA,NA,NA,90.9840255977219,NA,NA,NA,NA,NA,84.1927228758109,NA,84.2069647819798,91.8540406535122,91.5868984864864
"Egypt",NA,38.1967645625644,NA,NA,NA,NA,NA,NA,NA,NA,NA,44.4239933168487,NA,NA,NA,NA,NA,NA,NA,NA,NA,55.5869966863656,NA,NA,NA,NA,NA,NA,NA,NA,71.4088636088008,66.3699070435487,NA,NA,NA,72.0478526521968,72.9567194486944
"El Salvador",NA,NA,NA,NA,NA,NA,NA,NA,NA,NA,NA,NA,NA,NA,NA,NA,NA,74.1431618164629,NA,NA,NA,NA,NA,NA,NA,NA,NA,NA,NA,79.82584,NA,83.5594576659337,82.0286341373231,83.951304976523,84.1028877512293,84.4927239035347,NA
"Equatorial Guinea",NA,NA,NA,NA,NA,NA,NA,NA,NA,NA,NA,NA,NA,NA,NA,NA,NA,NA,NA,NA,NA,NA,NA,NA,NA,88.3083011062146,NA,NA,NA,NA,NA,NA,NA,NA,NA,NA,94.22589
"Eritrea",NA,NA,NA,NA,NA,NA,NA,NA,NA,NA,NA,NA,NA,NA,NA,NA,NA,NA,NA,NA,NA,NA,NA,NA,NA,NA,NA,52.5139512491258,NA,NA,NA,NA,NA,NA,NA,NA,68.93744
"Estonia",NA,NA,NA,NA,NA,NA,NA,NA,NA,NA,NA,NA,NA,NA,99.7264407467699,NA,NA,NA,NA,NA,NA,NA,NA,NA,NA,99.7671959219526,NA,NA,NA,NA,NA,NA,NA,NA,NA,NA,99.79689
"Ethiopia",NA,NA,NA,NA,NA,NA,NA,NA,NA,NA,NA,NA,NA,NA,NA,NA,NA,NA,NA,27.011355310038,NA,NA,NA,NA,NA,NA,NA,NA,NA,35.9,29.8203379588666,NA,38.9959815360089,NA,NA,NA,NA
"Fiji",NA,NA,NA,NA,NA,NA,NA,NA,NA,NA,NA,NA,NA,NA,NA,NA,NA,NA,NA,NA,NA,NA,NA,NA,NA,NA,NA,NA,NA,NA,NA,NA,NA,NA,NA,NA,NA
"Finland",NA,NA,NA,NA,NA,NA,NA,NA,NA,NA,NA,NA,NA,NA,NA,NA,NA,NA,NA,NA,NA,NA,NA,NA,NA,NA,NA,NA,NA,NA,NA,NA,NA,NA,NA,NA,NA
"France",NA,NA,NA,NA,NA,NA,NA,NA,NA,NA,NA,NA,NA,NA,NA,NA,NA,NA,NA,NA,NA,NA,NA,NA,NA,NA,NA,NA,NA,NA,NA,NA,NA,NA,NA,NA,NA
"Gabon",NA,NA,NA,NA,NA,NA,NA,NA,NA,NA,NA,NA,NA,NA,NA,NA,NA,NA,72.2336718882752,NA,NA,NA,NA,NA,NA,NA,NA,NA,NA,83.80069,NA,NA,NA,NA,NA,NA,88.98886
"Gambia",NA,NA,NA,NA,NA,NA,NA,NA,NA,NA,NA,NA,NA,NA,NA,NA,NA,NA,NA,NA,NA,NA,NA,NA,NA,36.8177265898848,NA,NA,NA,NA,NA,NA,NA,NA,NA,NA,51.10727
"Georgia",NA,NA,NA,NA,NA,NA,NA,NA,NA,NA,NA,NA,NA,NA,NA,NA,NA,NA,NA,NA,NA,NA,NA,NA,NA,NA,NA,99.6523489544112,NA,NA,NA,NA,NA,NA,NA,NA,99.73247
"Germany",NA,NA,NA,NA,NA,NA,NA,NA,NA,NA,NA,NA,NA,NA,NA,NA,NA,NA,NA,NA,NA,NA,NA,NA,NA,NA,NA,NA,NA,NA,NA,NA,NA,NA,NA,NA,NA
"Ghana",NA,NA,NA,NA,NA,NA,NA,NA,NA,NA,NA,NA,NA,NA,NA,NA,NA,NA,NA,NA,NA,NA,NA,NA,NA,57.8974728677536,NA,NA,NA,NA,NA,NA,NA,NA,NA,71.4970748121518,NA
"Gibraltar",NA,NA,NA,NA,NA,NA,NA,NA,NA,NA,NA,NA,NA,NA,NA,NA,NA,NA,NA,NA,NA,NA,NA,NA,NA,NA,NA,NA,NA,NA,NA,NA,NA,NA,NA,NA,NA
"Greece",NA,NA,NA,NA,NA,NA,90.5123237162869,NA,NA,NA,NA,NA,NA,NA,NA,NA,92.6104514422769,NA,NA,NA,NA,NA,NA,NA,NA,NA,95.9943592275286,NA,NA,NA,NA,NA,NA,NA,NA,NA,97.3018
"Grenada",NA,NA,NA,NA,NA,NA,NA,NA,NA,NA,NA,NA,NA,NA,NA,NA,NA,NA,NA,NA,NA,NA,NA,NA,NA,NA,NA,NA,NA,NA,NA,NA,NA,NA,NA,NA,NA
"Guatemala",NA,NA,NA,NA,NA,NA,NA,NA,NA,NA,NA,NA,NA,NA,NA,NA,NA,NA,NA,64.2116415135022,NA,NA,NA,NA,NA,NA,NA,69.1017276395349,NA,NA,NA,NA,NA,NA,NA,NA,75.85726
"Guinea",NA,NA,NA,NA,NA,NA,NA,NA,NA,NA,NA,NA,NA,NA,NA,NA,NA,NA,NA,NA,NA,20.5537486564581,NA,NA,NA,NA,NA,NA,29.7040169133192,NA,NA,NA,NA,NA,NA,25.3077454885807,NA
"Guinea-Bissau",NA,NA,NA,NA,19.958248396327,NA,NA,NA,NA,NA,NA,NA,NA,NA,NA,NA,NA,NA,NA,NA,NA,NA,NA,NA,NA,41.3577675968347,NA,NA,NA,NA,NA,NA,NA,NA,NA,NA,55.27518
"Guyana",NA,NA,NA,NA,NA,NA,NA,NA,NA,NA,NA,NA,NA,NA,NA,NA,NA,NA,NA,NA,NA,NA,NA,NA,NA,NA,NA,NA,NA,NA,NA,NA,NA,NA,84.9940112811714,NA,NA
"Haiti",NA,NA,NA,NA,NA,NA,NA,34.7346924690633,NA,NA,NA,NA,NA,NA,NA,NA,NA,NA,NA,NA,NA,NA,NA,NA,NA,NA,NA,NA,58.7439033363021,NA,NA,48.6850220623879,NA,NA,NA,NA,NA
"Holy See",NA,NA,NA,NA,NA,NA,NA,NA,NA,NA,NA,NA,NA,NA,NA,NA,NA,NA,NA,NA,NA,NA,NA,NA,NA,NA,NA,NA,NA,NA,NA,NA,NA,NA,NA,NA,NA
"Honduras",NA,NA,NA,NA,NA,NA,NA,NA,NA,NA,NA,NA,NA,NA,NA,NA,NA,NA,NA,NA,NA,NA,NA,NA,NA,NA,80.0110317619977,NA,NA,NA,NA,NA,83.5889940225326,NA,NA,84.7553618214236,85.1233107908221
"Hong Kong, China",NA,NA,NA,NA,NA,NA,NA,NA,NA,NA,NA,NA,NA,NA,NA,NA,NA,NA,NA,NA,NA,NA,NA,NA,NA,NA,NA,NA,NA,NA,NA,NA,NA,NA,NA,NA,NA
"Hungary",NA,NA,NA,NA,NA,98.8582852649705,NA,NA,NA,NA,NA,NA,NA,NA,NA,NA,NA,NA,NA,98.98274,NA,NA,NA,NA,NA,NA,NA,NA,NA,99.02997,NA,NA,NA,NA,NA,NA,99.04719
"Iceland",NA,NA,NA,NA,NA,NA,NA,NA,NA,NA,NA,NA,NA,NA,NA,NA,NA,NA,NA,NA,NA,NA,NA,NA,NA,NA,NA,NA,NA,NA,NA,NA,NA,NA,NA,NA,NA
"India",NA,NA,NA,NA,NA,NA,40.7635902223541,NA,NA,NA,NA,NA,NA,NA,NA,NA,48.2220748411133,NA,NA,NA,NA,NA,NA,NA,NA,NA,61.0145563688025,NA,NA,NA,NA,62.7544745734379,NA,NA,NA,NA,62.7544745734379
"Indonesia",NA,NA,NA,NA,NA,67.312671922061,NA,NA,NA,NA,NA,NA,NA,NA,NA,81.5198524304659,NA,NA,NA,NA,NA,NA,NA,NA,NA,NA,NA,NA,NA,90.384789355174,NA,91.9822712715058,NA,92.192300708239,92.5816951242636,NA,92.8119075721191
"Iran",NA,36.5184002676623,NA,NA,NA,NA,NA,NA,NA,NA,NA,52.3197554169018,NA,NA,NA,NA,65.53140001968,NA,NA,NA,NA,73.0602547122563,NA,NA,NA,NA,NA,77,NA,NA,82.4411966304572,82.3313175163483,NA,85.018766983634,NA,NA,NA
"Iraq",NA,NA,NA,NA,NA,NA,NA,NA,NA,NA,NA,NA,NA,NA,NA,NA,NA,NA,NA,NA,NA,NA,NA,NA,NA,74.0522011289752,NA,NA,NA,NA,NA,NA,NA,NA,NA,NA,78.48049
"Ireland",NA,NA,NA,NA,NA,NA,NA,NA,NA,NA,NA,NA,NA,NA,NA,NA,NA,NA,NA,NA,NA,NA,NA,NA,NA,NA,NA,NA,NA,NA,NA,NA,NA,NA,NA,NA,NA
"Israel",NA,NA,NA,NA,NA,NA,NA,NA,91.7514084779236,NA,NA,NA,NA,NA,NA,NA,NA,NA,NA,NA,NA,NA,NA,NA,NA,NA,NA,NA,NA,NA,NA,NA,NA,NA,NA,NA,NA
"Italy",NA,NA,NA,NA,NA,NA,96.4605426910086,NA,NA,NA,NA,NA,NA,NA,NA,NA,NA,NA,NA,NA,NA,NA,NA,NA,NA,NA,98.4166220467208,NA,NA,NA,NA,NA,NA,NA,NA,NA,98.97965
"Jamaica",NA,NA,NA,NA,NA,NA,NA,NA,NA,NA,NA,NA,NA,NA,NA,NA,NA,NA,NA,NA,NA,NA,NA,NA,79.9201232980103,NA,NA,NA,NA,NA,NA,NA,NA,NA,NA,NA,87.04274
"Japan",NA,NA,NA,NA,NA,NA,NA,NA,NA,NA,NA,NA,NA,NA,NA,NA,NA,NA,NA,NA,NA,NA,NA,NA,NA,NA,NA,NA,NA,NA,NA,NA,NA,NA,NA,NA,NA
"Jordan",NA,NA,NA,NA,66.7968082652302,NA,NA,NA,NA,NA,NA,NA,NA,NA,NA,NA,NA,NA,NA,NA,NA,NA,NA,NA,NA,NA,NA,NA,89.8923242488958,NA,91.1307516377873,NA,92.1995768836011,NA,NA,92.5510428907168,95.9044529814974
"Kazakhstan",NA,NA,NA,NA,NA,NA,NA,NA,NA,NA,NA,NA,NA,NA,97.5293835002603,NA,NA,NA,NA,NA,NA,NA,NA,NA,99.5126580772805,NA,NA,NA,NA,NA,NA,NA,NA,NA,99.7324110439465,NA,NA
"Kenya",NA,NA,NA,NA,NA,NA,NA,NA,NA,NA,NA,NA,NA,NA,NA,NA,NA,NA,NA,NA,NA,NA,NA,NA,NA,82.2290753144124,NA,NA,NA,NA,NA,NA,72.1570281562013,NA,NA,NA,NA
"Kiribati",NA,NA,NA,NA,NA,NA,NA,NA,NA,NA,NA,NA,NA,NA,NA,NA,NA,NA,NA,NA,NA,NA,NA,NA,NA,NA,NA,NA,NA,NA,NA,NA,NA,NA,NA,NA,NA
"Korea, Dem. Rep.",NA,NA,NA,NA,NA,NA,NA,NA,NA,NA,NA,NA,NA,NA,NA,NA,NA,NA,NA,NA,NA,NA,NA,NA,NA,NA,NA,NA,NA,NA,NA,NA,NA,99.9982624282257,NA,NA,NA
"Korea, Rep.",NA,NA,NA,NA,NA,NA,NA,NA,NA,NA,NA,NA,NA,NA,NA,NA,NA,NA,NA,NA,NA,NA,NA,NA,NA,NA,NA,NA,NA,NA,NA,NA,NA,NA,NA,NA,NA
"Kuwait",59.5643924006983,NA,NA,NA,NA,67.5176581973803,NA,NA,NA,NA,74.49086751177,NA,NA,NA,NA,NA,NA,NA,NA,NA,78.3955033585722,NA,NA,NA,NA,NA,NA,NA,NA,NA,93.2744643451759,93.2821228883455,93.6641851484411,93.9062059463896,NA,NA,NA
"Kyrgyzstan",NA,NA,NA,NA,NA,NA,NA,NA,NA,NA,NA,NA,NA,NA,NA,NA,NA,NA,NA,NA,NA,NA,NA,NA,98.7016125901096,NA,NA,NA,NA,NA,NA,NA,NA,NA,99.2414048802828,NA,NA
"Laos",NA,NA,NA,NA,NA,NA,NA,NA,NA,NA,NA,NA,NA,NA,NA,NA,NA,NA,NA,NA,60.2513331987559,NA,NA,NA,NA,69.583118888317,68.7343946461164,NA,NA,NA,72.7022591985263,NA,NA,NA,NA,NA,NA
"Latvia",NA,NA,NA,NA,NA,NA,NA,NA,NA,NA,NA,NA,NA,NA,99.4523003528358,NA,NA,NA,NA,NA,NA,NA,NA,NA,NA,99.7465699355505,NA,NA,NA,NA,NA,NA,NA,NA,NA,NA,99.78424
"Lebanon",NA,NA,NA,NA,NA,NA,NA,NA,NA,NA,NA,NA,NA,NA,NA,NA,NA,NA,NA,NA,NA,NA,NA,NA,NA,NA,NA,NA,NA,NA,NA,NA,89.6124388817029,NA,NA,NA,NA
"Lesotho",NA,NA,NA,NA,NA,NA,NA,NA,NA,NA,NA,NA,NA,NA,NA,NA,NA,NA,NA,NA,NA,NA,NA,NA,NA,86.2544348707552,NA,NA,NA,NA,NA,NA,NA,NA,75.8002023157404,NA,NA
"Liberia",NA,NA,NA,NA,NA,NA,NA,NA,NA,32.1067661646571,NA,NA,NA,NA,NA,NA,NA,NA,NA,43.46086,NA,NA,NA,NA,NA,NA,NA,NA,NA,54.77813,NA,NA,42.941084070437,NA,NA,NA,NA
"Libya",NA,NA,NA,NA,NA,NA,NA,NA,NA,60.1643933296659,NA,NA,NA,NA,NA,NA,NA,NA,NA,77.21518,NA,NA,NA,NA,NA,NA,NA,NA,NA,86.11627,NA,NA,NA,NA,NA,NA,89.5361
"Liechtenstein",NA,NA,NA,NA,NA,NA,NA,NA,NA,NA,NA,NA,NA,NA,NA,NA,NA,NA,NA,NA,NA,NA,NA,NA,NA,NA,NA,NA,NA,NA,NA,NA,NA,NA,NA,NA,NA
"Lithuania",NA,NA,NA,NA,NA,NA,NA,NA,NA,NA,NA,NA,NA,NA,98.4412675026719,NA,NA,NA,NA,NA,NA,NA,NA,NA,NA,NA,99.6457534683578,NA,NA,NA,NA,NA,NA,NA,NA,NA,99.70355
"Luxembourg",NA,NA,NA,NA,NA,NA,NA,NA,NA,NA,NA,NA,NA,NA,NA,NA,NA,NA,NA,NA,NA,NA,NA,NA,NA,NA,NA,NA,NA,NA,NA,NA,NA,NA,NA,NA,NA
"Macao, China",NA,NA,NA,NA,NA,NA,90.3781843022932,NA,NA,NA,NA,NA,NA,NA,NA,NA,NA,NA,NA,NA,NA,NA,NA,NA,NA,NA,91.2953720375117,NA,NA,NA,NA,93.4997545260003,NA,NA,NA,NA,95.6400408521411
"Macedonia, FYR",NA,NA,NA,NA,NA,NA,NA,NA,NA,NA,NA,NA,NA,NA,NA,NA,NA,NA,NA,94.0587463801134,NA,NA,NA,NA,NA,NA,NA,96.1289327575571,NA,NA,NA,NA,NA,NA,NA,NA,97.3752
"Madagascar",NA,NA,NA,NA,NA,NA,NA,NA,NA,NA,NA,NA,NA,NA,NA,NA,NA,NA,NA,NA,NA,NA,NA,NA,NA,70.6861695802117,NA,NA,NA,NA,NA,NA,NA,NA,64.4809056434688,NA,NA
"Malawi",NA,NA,NA,NA,NA,NA,NA,NA,NA,NA,NA,NA,48.5366537251455,NA,NA,NA,NA,NA,NA,NA,NA,NA,NA,64.1342511384478,NA,NA,NA,NA,NA,NA,NA,NA,NA,NA,NA,61.3097241896233,NA
"Malaysia",NA,NA,NA,NA,NA,69.5163324983461,NA,NA,NA,NA,NA,NA,NA,NA,NA,NA,82.9153712456078,NA,NA,NA,NA,NA,NA,NA,NA,88.6877571569162,NA,NA,NA,NA,NA,NA,NA,NA,NA,93.1178855805975,NA
"Maldives",NA,NA,82.2999551540778,NA,NA,NA,NA,NA,NA,NA,92.2300510292779,NA,NA,NA,NA,96.0182563571244,NA,NA,NA,NA,96.3264955797786,NA,NA,NA,NA,96.3264955797786,NA,NA,NA,NA,NA,98.397897943952,NA,NA,NA,NA,NA
"Mali",NA,9.43380700805728,NA,NA,NA,NA,NA,NA,NA,NA,NA,NA,NA,NA,NA,NA,NA,NA,NA,NA,NA,NA,NA,19.0449716644285,NA,NA,NA,NA,24,NA,NA,26.1765546402593,NA,NA,NA,31.0997539511672,33.4412123107456
"Malta",NA,NA,NA,NA,NA,NA,NA,NA,NA,NA,87.9821734755061,NA,NA,NA,NA,NA,NA,NA,NA,NA,87.8686966410374,NA,NA,NA,NA,NA,NA,NA,NA,NA,92.3630900571129,NA,NA,NA,NA,NA,NA
"Marshall Islands",NA,NA,NA,NA,NA,NA,NA,NA,NA,NA,NA,NA,NA,NA,NA,NA,NA,NA,NA,NA,NA,NA,NA,NA,NA,NA,NA,NA,NA,NA,NA,NA,NA,NA,NA,NA,NA
"Mauritania",NA,NA,NA,NA,NA,NA,NA,NA,NA,NA,NA,NA,NA,NA,NA,NA,NA,NA,NA,NA,NA,NA,NA,NA,NA,51.2076779828527,NA,NA,NA,NA,NA,NA,NA,NA,NA,NA,58.61391
"Mauritius",NA,NA,NA,NA,NA,NA,NA,NA,NA,NA,NA,NA,NA,NA,NA,79.8686597254603,NA,NA,NA,NA,NA,NA,NA,NA,NA,84.3030890427418,NA,NA,NA,NA,NA,NA,NA,NA,NA,NA,88.84715
"Mexico",NA,NA,NA,NA,NA,82.9892418174613,NA,NA,NA,NA,NA,NA,NA,NA,NA,87.5561521067376,NA,NA,NA,NA,NA,NA,NA,NA,NA,90.5356247835029,NA,90.2746548689915,NA,90.9537447233051,91.6302657823961,91.7345197852393,92.795173446959,92.9255965233568,93.4418788439934,93.068938684774,93.5199847777717
"Micronesia, Fed. Sts.",NA,NA,NA,NA,NA,NA,NA,NA,NA,NA,NA,NA,NA,NA,NA,NA,NA,NA,NA,NA,NA,NA,NA,NA,NA,NA,NA,NA,NA,NA,NA,NA,NA,NA,NA,NA,NA
"Moldova",NA,NA,NA,NA,NA,NA,NA,NA,NA,NA,NA,NA,NA,NA,96.3775481140644,NA,NA,NA,NA,NA,NA,NA,NA,NA,NA,96.6537966537966,NA,NA,NA,NA,NA,NA,NA,NA,NA,NA,98.97083
"Monaco",NA,NA,NA,NA,NA,NA,NA,NA,NA,NA,NA,NA,NA,NA,NA,NA,NA,NA,NA,NA,NA,NA,NA,NA,NA,NA,NA,NA,NA,NA,NA,NA,NA,NA,NA,NA,NA
"Mongolia",NA,NA,NA,NA,NA,NA,NA,NA,NA,NA,NA,NA,NA,NA,NA,NA,NA,NA,NA,NA,NA,NA,NA,NA,NA,97.7688516976171,NA,NA,NA,NA,NA,NA,NA,NA,NA,NA,97.35589
"Montenegro",NA,NA,NA,NA,NA,NA,NA,NA,NA,NA,NA,NA,NA,NA,NA,NA,NA,NA,NA,NA,NA,NA,NA,NA,NA,NA,NA,NA,NA,NA,NA,NA,NA,NA,NA,NA,98.45932
"Montserrat",NA,NA,NA,NA,NA,NA,NA,NA,NA,NA,NA,NA,NA,NA,NA,NA,NA,NA,NA,NA,NA,NA,NA,NA,NA,NA,NA,NA,NA,NA,NA,NA,NA,NA,NA,NA,NA
"Morocco",NA,NA,NA,NA,NA,NA,NA,30.2578042189425,NA,NA,NA,NA,NA,NA,NA,NA,NA,NA,NA,41.5941054100178,NA,NA,NA,NA,NA,NA,NA,NA,NA,52.3062590298926,NA,NA,NA,55.1479200284787,56.0836721349639,NA,67.0841620313362
"Mozambique",NA,NA,NA,NA,NA,27.1017783981201,NA,NA,NA,NA,NA,NA,NA,NA,NA,NA,NA,NA,NA,NA,NA,NA,38.7078765575308,NA,NA,NA,NA,NA,48.1588399180961,NA,NA,NA,NA,NA,50.583811360508,NA,NA
"Myanmar",NA,NA,NA,NA,NA,NA,NA,NA,78.570414308659,NA,NA,NA,NA,NA,NA,NA,NA,NA,NA,NA,NA,NA,NA,NA,NA,89.9417645672737,NA,NA,NA,NA,NA,NA,NA,NA,NA,NA,92.67915
"Namibia",NA,NA,NA,NA,NA,NA,NA,NA,NA,NA,NA,NA,NA,NA,NA,NA,75.8165832972845,NA,NA,NA,NA,NA,NA,NA,NA,NA,85.041281855132,NA,NA,NA,NA,NA,76.4865939351924,NA,NA,NA,NA
"Nauru",NA,NA,NA,NA,NA,NA,NA,NA,NA,NA,NA,NA,NA,NA,NA,NA,NA,NA,NA,NA,NA,NA,NA,NA,NA,NA,NA,NA,NA,NA,NA,NA,NA,NA,NA,NA,NA
"Nepal",NA,NA,NA,NA,NA,NA,20.573673396727,NA,NA,NA,NA,NA,NA,NA,NA,NA,32.9755861301105,NA,NA,NA,NA,NA,NA,NA,NA,NA,48.6089715061678,NA,NA,NA,NA,NA,NA,NA,NA,NA,57.3691024409671
"Netherlands",NA,NA,NA,NA,NA,NA,NA,NA,NA,NA,NA,NA,NA,NA,NA,NA,NA,NA,NA,NA,NA,NA,NA,NA,NA,NA,NA,NA,NA,NA,NA,NA,NA,NA,NA,NA,NA
"Netherlands Antilles",NA,NA,NA,NA,NA,NA,NA,NA,NA,NA,NA,NA,NA,NA,NA,NA,NA,95.1035476610696,NA,NA,NA,NA,NA,NA,NA,NA,NA,NA,NA,NA,NA,NA,NA,NA,NA,NA,96.54464
"New Zealand",NA,NA,NA,NA,NA,NA,NA,NA,NA,NA,NA,NA,NA,NA,NA,NA,NA,NA,NA,NA,NA,NA,NA,NA,NA,NA,NA,NA,NA,NA,NA,NA,NA,NA,NA,NA,NA
"Nicaragua",NA,NA,NA,NA,NA,NA,NA,NA,NA,NA,NA,NA,NA,NA,NA,NA,NA,NA,NA,NA,NA,NA,NA,NA,NA,NA,76.677126363222,NA,NA,NA,78.0029801807711,NA,NA,NA,NA,NA,NA
"Niger",NA,NA,NA,NA,NA,NA,NA,NA,NA,NA,NA,NA,NA,NA,NA,NA,NA,NA,NA,NA,NA,NA,NA,NA,NA,NA,9.39133115189453,NA,NA,NA,28.6724222051057,NA,NA,NA,NA,NA,NA
"Nigeria",NA,NA,NA,NA,NA,NA,NA,NA,NA,NA,NA,NA,NA,NA,NA,NA,55.4467549046723,NA,NA,NA,NA,NA,NA,NA,NA,NA,NA,NA,54.7731785550634,NA,NA,NA,NA,51.0776583634164,NA,NA,NA
"Niue",NA,NA,NA,NA,NA,NA,NA,NA,NA,NA,NA,NA,NA,NA,NA,NA,NA,NA,NA,NA,NA,NA,NA,NA,NA,NA,NA,NA,NA,NA,NA,NA,NA,NA,NA,NA,NA
"Norway",NA,NA,NA,NA,NA,NA,NA,NA,NA,NA,NA,NA,NA,NA,NA,NA,NA,NA,NA,NA,NA,NA,NA,NA,NA,NA,NA,NA,NA,NA,NA,NA,NA,NA,NA,NA,NA
"Oman",NA,NA,NA,NA,NA,NA,NA,NA,NA,NA,NA,NA,NA,NA,NA,NA,NA,NA,NA,NA,NA,NA,NA,NA,NA,NA,NA,NA,81.3633124338177,NA,NA,NA,NA,86.621143015384,NA,86.9389983982446,NA
"Pakistan",NA,NA,NA,NA,NA,NA,25.7251929466605,NA,NA,NA,NA,NA,NA,NA,NA,NA,NA,NA,NA,NA,NA,NA,NA,42.6993097163736,NA,NA,NA,NA,NA,NA,49.8736448221783,54.1512107021965,NA,55.5263669974703,54.8926361490002,NA,NA
"Palau",NA,NA,NA,NA,NA,91.921415633273,NA,NA,NA,NA,NA,NA,NA,NA,NA,NA,NA,NA,NA,NA,NA,NA,NA,NA,NA,NA,NA,NA,NA,NA,NA,NA,NA,NA,NA,NA,NA
"Panama",NA,NA,NA,NA,NA,88.0717369044898,NA,NA,NA,NA,NA,NA,NA,NA,NA,88.7798585140717,NA,NA,NA,NA,NA,NA,NA,NA,NA,91.8996150336846,NA,NA,NA,NA,NA,NA,NA,NA,NA,94.094123787642,NA
"Papua New Guinea",NA,NA,NA,NA,NA,NA,NA,NA,NA,NA,NA,NA,NA,NA,NA,NA,NA,NA,NA,NA,NA,NA,NA,NA,NA,57.3432559039992,NA,NA,NA,NA,NA,NA,NA,NA,NA,NA,62.42167
"Paraguay",NA,NA,NA,NA,NA,NA,NA,78.4586128512355,NA,NA,NA,NA,NA,NA,NA,NA,NA,90.2718248653154,NA,NA,NA,NA,NA,NA,NA,NA,NA,NA,NA,NA,NA,NA,94.5582182312472,93.2920839884977,93.7542378773957,93.8709150924872,NA
"Peru",NA,NA,NA,NA,NA,NA,81.9184640856342,NA,NA,NA,NA,NA,NA,NA,NA,NA,NA,NA,87.1506327280751,NA,NA,NA,NA,NA,NA,NA,NA,NA,NA,87.669848495425,87.9086735851189,88.6993418330323,89.5908130156422,NA,NA,NA,NA
"Philippines",NA,NA,NA,NA,NA,83.3172325869012,NA,NA,NA,NA,NA,NA,NA,NA,NA,93.5738955208562,NA,NA,NA,NA,NA,NA,NA,NA,NA,92.6000635834521,NA,NA,92.5906900949412,NA,NA,NA,NA,95.4200993038814,NA,NA,NA
"Poland",NA,NA,NA,98.7427409083636,NA,NA,NA,NA,NA,NA,NA,NA,NA,NA,NA,NA,NA,NA,NA,99.40273,NA,NA,NA,NA,NA,NA,NA,NA,NA,99.61789,NA,NA,NA,NA,NA,NA,99.73019
"Portugal",NA,NA,NA,NA,NA,NA,79.4356106576687,NA,NA,NA,NA,NA,NA,NA,NA,NA,87.9478476484438,NA,NA,NA,NA,NA,NA,NA,NA,NA,NA,NA,NA,NA,NA,NA,NA,NA,NA,NA,95.43412
"Puerto Rico",NA,NA,NA,NA,NA,86.7460553153972,NA,NA,NA,NA,NA,NA,NA,NA,NA,89.6225006326032,NA,NA,NA,NA,NA,NA,NA,NA,NA,NA,NA,NA,NA,90.53578,NA,NA,NA,NA,NA,NA,90.34799
"Qatar",NA,NA,NA,NA,NA,NA,NA,NA,NA,NA,NA,75.635044064282,NA,NA,NA,NA,NA,NA,NA,NA,NA,NA,83.2621552733942,NA,NA,NA,NA,NA,NA,88.96238968375,NA,NA,93.0827407826684,93.9897325281058,94.7242884443825,96.2837397936123,NA
"Romania",NA,NA,NA,NA,NA,NA,NA,NA,NA,NA,NA,NA,NA,NA,NA,NA,NA,96.7099826603067,NA,NA,NA,NA,NA,NA,NA,NA,NA,97.2975853096429,NA,NA,NA,NA,NA,NA,NA,NA,97.70193
"Russia",NA,NA,NA,NA,NA,NA,NA,NA,NA,NA,NA,NA,NA,NA,97.9860548303032,NA,NA,NA,NA,NA,NA,NA,NA,NA,NA,NA,NA,99.4409677101739,NA,NA,NA,NA,NA,NA,NA,99.6842666997259,NA
"Rwanda",NA,NA,NA,38.243425203765,NA,NA,NA,NA,NA,NA,NA,NA,NA,NA,NA,NA,57.8534877347415,NA,NA,NA,NA,NA,NA,NA,NA,64.8885951661631,NA,NA,NA,NA,NA,NA,NA,NA,NA,65.8522716593914,NA
"Saint Kitts and Nevis",NA,NA,NA,NA,NA,NA,NA,NA,NA,NA,NA,NA,NA,NA,NA,NA,NA,NA,NA,NA,NA,NA,NA,NA,NA,NA,NA,NA,NA,NA,NA,NA,NA,NA,NA,NA,NA
"Saint Lucia",NA,NA,NA,NA,NA,NA,NA,NA,NA,NA,NA,NA,NA,NA,NA,NA,NA,NA,NA,NA,NA,NA,NA,NA,NA,NA,NA,NA,NA,NA,NA,NA,NA,NA,NA,NA,NA
"Saint Vincent and the Grenadines",NA,NA,NA,NA,NA,NA,NA,NA,NA,NA,NA,NA,NA,NA,NA,NA,NA,NA,NA,NA,NA,NA,NA,NA,NA,NA,NA,NA,NA,NA,NA,NA,NA,NA,NA,NA,NA
"Samoa",NA,NA,NA,NA,NA,NA,NA,NA,NA,NA,NA,NA,NA,NA,NA,NA,97.9443298969072,NA,NA,NA,NA,NA,NA,NA,NA,NA,NA,NA,NA,98.55447,NA,NA,NA,NA,NA,NA,98.83078
"San Marino",NA,NA,NA,NA,NA,NA,NA,NA,NA,NA,NA,NA,NA,NA,NA,NA,NA,NA,NA,NA,NA,NA,NA,NA,NA,NA,NA,NA,NA,NA,NA,NA,NA,NA,NA,NA,NA
"Sao Tome and Principe",NA,NA,NA,NA,NA,NA,57.3242621620055,NA,NA,NA,NA,NA,NA,NA,NA,NA,73.2424159869233,NA,NA,NA,NA,NA,NA,NA,NA,NA,84.9085135339483,NA,NA,NA,NA,NA,NA,69.5363850909871,NA,NA,NA
"Saudi Arabia",NA,NA,NA,NA,NA,NA,NA,NA,NA,NA,NA,NA,NA,NA,NA,NA,NA,70.8216499204134,NA,NA,NA,NA,NA,NA,NA,79.3509441528748,NA,NA,NA,82.8577418357768,NA,NA,NA,NA,NA,NA,87.15616
"Senegal",NA,NA,NA,NA,NA,NA,NA,NA,NA,NA,NA,NA,NA,26.8688537222954,NA,NA,NA,NA,NA,NA,NA,NA,NA,NA,NA,NA,NA,39.2752461892802,NA,NA,NA,41.8911516422057,NA,NA,49.6951265234569,NA,NA
"Serbia",NA,NA,NA,NA,NA,NA,NA,NA,NA,NA,NA,NA,NA,NA,NA,NA,NA,NA,NA,NA,NA,NA,NA,NA,NA,NA,NA,NA,NA,NA,NA,NA,NA,NA,NA,NA,98.01291
"Seychelles",NA,NA,NA,NA,NA,NA,NA,NA,NA,NA,NA,NA,84.2292156775711,NA,NA,NA,NA,NA,NA,87.8111503729878,NA,NA,NA,NA,NA,NA,NA,91.8364633538308,NA,NA,NA,NA,NA,NA,NA,NA,91.83646335
"Sierra Leone",NA,NA,NA,NA,NA,NA,NA,NA,NA,NA,NA,NA,NA,NA,NA,NA,NA,NA,NA,NA,NA,NA,NA,NA,NA,NA,NA,NA,NA,34.8267901312422,NA,NA,NA,NA,NA,NA,43.2831
"Singapore",NA,NA,NA,NA,NA,82.90605183261,NA,NA,NA,NA,NA,NA,NA,NA,NA,89.095996713555,NA,NA,NA,NA,NA,NA,NA,NA,NA,92.5493990894846,NA,NA,NA,NA,NA,NA,NA,NA,NA,95.8573278136771,NA
"Slovak Republic",NA,NA,NA,NA,NA,NA,NA,NA,NA,NA,NA,NA,NA,NA,NA,NA,NA,NA,NA,NA,NA,NA,NA,NA,NA,NA,NA,NA,NA,NA,NA,NA,NA,NA,NA,NA,NA
"Slovenia",NA,NA,NA,NA,NA,NA,NA,NA,NA,NA,NA,NA,NA,NA,NA,NA,99.5245166688235,NA,NA,NA,NA,NA,NA,NA,NA,NA,NA,NA,NA,99.65247,NA,NA,NA,NA,NA,NA,99.69498
"Solomon Islands",NA,NA,NA,NA,NA,NA,NA,NA,NA,NA,NA,NA,NA,NA,NA,NA,NA,NA,NA,NA,NA,NA,NA,NA,NA,NA,NA,NA,NA,NA,NA,NA,NA,NA,NA,NA,NA
"Somalia",NA,NA,NA,NA,NA,NA,NA,NA,NA,NA,NA,NA,NA,NA,NA,NA,NA,NA,NA,NA,NA,NA,NA,NA,NA,NA,NA,NA,NA,NA,NA,NA,NA,NA,NA,NA,NA
"South Africa",NA,NA,NA,NA,NA,76.2004906508514,NA,NA,NA,NA,NA,NA,NA,NA,NA,NA,NA,NA,NA,NA,NA,82.4021023685345,NA,NA,NA,NA,NA,NA,NA,NA,NA,NA,88.7172506703813,NA,NA,NA,92.9831401688284
"Spain",NA,NA,NA,NA,NA,NA,92.8097650552942,NA,NA,NA,NA,NA,NA,NA,NA,NA,96.494970524971,NA,NA,NA,NA,NA,NA,NA,NA,NA,NA,NA,NA,NA,97.7506917831217,NA,97.9388424191447,97.6306077427017,97.6792656081682,97.7488961482786,NA
"Sri Lanka",NA,NA,NA,NA,NA,NA,86.777922012043,NA,NA,NA,NA,NA,NA,NA,NA,NA,NA,NA,NA,NA,NA,NA,NA,NA,NA,NA,90.6827545940468,NA,NA,NA,NA,90.8088259413198,NA,90.5579505067227,NA,91.181359335046,NA
"Sudan",NA,NA,NA,NA,NA,NA,NA,NA,NA,NA,NA,NA,NA,NA,NA,NA,NA,NA,NA,NA,NA,NA,NA,NA,NA,61.3458731122508,NA,NA,NA,NA,NA,NA,NA,NA,NA,NA,71.93777
"Suriname",NA,NA,NA,NA,NA,NA,NA,NA,NA,NA,NA,NA,NA,NA,NA,NA,NA,NA,NA,NA,NA,NA,NA,NA,NA,NA,NA,NA,NA,89.5980576156954,NA,NA,NA,94.6209377407037,NA,94.6757505938525,NA
"Swaziland",NA,55.3250372700061,NA,NA,NA,NA,NA,NA,NA,NA,NA,67.2393811533052,NA,NA,NA,NA,NA,NA,NA,NA,NA,NA,NA,NA,NA,81.6607018236346,NA,NA,NA,NA,NA,NA,NA,NA,NA,NA,87.8443
"Sweden",NA,NA,NA,NA,NA,NA,NA,NA,NA,NA,NA,NA,NA,NA,NA,NA,NA,NA,NA,NA,NA,NA,NA,NA,NA,NA,NA,NA,NA,NA,NA,NA,NA,NA,NA,NA,NA
"Switzerland",NA,NA,NA,NA,NA,NA,NA,NA,NA,NA,NA,NA,NA,NA,NA,NA,NA,NA,NA,NA,NA,NA,NA,NA,NA,NA,NA,NA,NA,NA,NA,NA,NA,NA,NA,NA,NA
"Syria",NA,NA,NA,NA,NA,NA,55.6545008102338,NA,NA,NA,NA,NA,NA,NA,NA,NA,NA,NA,NA,NA,NA,NA,NA,NA,NA,NA,NA,82.8882515294286,NA,80.8445192778245,NA,NA,NA,NA,NA,NA,84.05794
"Tajikistan",NA,NA,NA,NA,NA,NA,NA,NA,NA,NA,NA,NA,NA,NA,97.6940229079283,NA,NA,NA,NA,NA,NA,NA,NA,NA,NA,99.4512482571115,NA,NA,NA,NA,NA,NA,NA,NA,NA,NA,99.70706
"Tanzania",NA,NA,NA,NA,NA,NA,NA,NA,NA,NA,NA,NA,NA,59.1138035189359,NA,NA,NA,NA,NA,NA,NA,NA,NA,NA,NA,NA,NA,69.4309003827679,NA,NA,NA,NA,NA,NA,NA,67.8007009591475,NA
"Thailand",NA,NA,NA,NA,NA,87.9817604242709,NA,NA,NA,NA,NA,NA,NA,NA,NA,NA,NA,NA,NA,NA,NA,NA,NA,NA,NA,92.6465442298362,NA,NA,NA,NA,93.5064757534066,NA,NA,NA,NA,NA,NA
"Timor-Leste",NA,NA,NA,NA,NA,NA,NA,NA,NA,NA,NA,NA,NA,NA,NA,NA,NA,NA,NA,NA,NA,NA,NA,NA,NA,NA,37.6,NA,NA,NA,NA,NA,50.6,NA,NA,58.3089827995937,NA
"Togo",NA,NA,NA,NA,NA,NA,NA,NA,NA,NA,NA,NA,NA,NA,NA,NA,NA,NA,NA,NA,NA,NA,NA,NA,NA,53.1775994966179,NA,NA,NA,NA,NA,56.8883677008263,NA,NA,57.0933792309714,NA,60.4099446722917
"Tokelau",NA,NA,NA,NA,NA,NA,NA,NA,NA,NA,NA,NA,NA,NA,NA,NA,NA,NA,NA,NA,NA,NA,NA,NA,NA,NA,NA,NA,NA,NA,NA,NA,NA,NA,NA,NA,NA
"Tonga",NA,99.5924583342271,NA,NA,NA,NA,NA,NA,NA,NA,NA,NA,NA,NA,NA,NA,NA,NA,NA,NA,NA,98.9053733090083,NA,NA,NA,NA,NA,NA,NA,NA,NA,99.0184555763794,NA,NA,NA,NA,NA
"Trinidad and Tobago",NA,NA,NA,NA,NA,94.9703190338334,NA,NA,NA,NA,NA,NA,NA,NA,NA,96.9385526722309,NA,NA,NA,NA,NA,NA,NA,NA,NA,NA,NA,NA,NA,98.38787,NA,NA,NA,NA,NA,NA,98.83491
"Tunisia",NA,NA,NA,NA,NA,NA,NA,NA,NA,48.1907019610824,NA,NA,NA,NA,NA,NA,NA,NA,NA,59.23281,NA,NA,NA,NA,NA,NA,NA,NA,NA,74.2969953775038,NA,NA,77.1904021460574,77.5611313875685,NA,79.1305762483504,NA
"Turkey",61.6276834313126,NA,NA,NA,NA,65.6943398907008,NA,NA,NA,NA,75.9682405563055,NA,NA,NA,NA,79.2324526145933,NA,NA,NA,NA,NA,NA,NA,NA,NA,NA,NA,NA,NA,87.3654890487546,88.2290562036055,88.119386807061,88.6558975921975,NA,90.8167206508056,92.6605998451717,94.106091200538
"Turkmenistan",NA,NA,NA,NA,NA,NA,NA,NA,NA,NA,NA,NA,NA,NA,NA,NA,NA,NA,NA,NA,98.7783167649831,NA,NA,NA,NA,NA,NA,NA,NA,NA,NA,NA,NA,NA,NA,NA,99.60858
"Turks and Caicos Islands",NA,NA,NA,NA,NA,NA,NA,NA,NA,NA,NA,NA,NA,NA,NA,NA,NA,NA,NA,NA,NA,NA,NA,NA,NA,NA,NA,NA,NA,NA,NA,NA,NA,NA,NA,NA,NA
"Tuvalu",NA,NA,NA,NA,NA,NA,NA,NA,NA,NA,NA,NA,NA,NA,NA,NA,NA,NA,NA,NA,NA,NA,NA,NA,NA,NA,NA,NA,NA,NA,NA,NA,NA,NA,NA,NA,NA
"Uganda",NA,NA,NA,NA,NA,NA,NA,NA,NA,NA,NA,NA,NA,NA,NA,NA,56.1073818473847,NA,NA,NA,NA,NA,NA,NA,NA,NA,NA,68.1425103020109,NA,NA,NA,71.3731446401388,NA,NA,NA,73.2118799100156,NA
"Ukraine",NA,NA,NA,NA,NA,NA,NA,NA,NA,NA,NA,NA,NA,NA,NA,NA,NA,NA,NA,NA,NA,NA,NA,NA,NA,NA,99.430410411751,NA,NA,NA,NA,NA,NA,NA,NA,NA,99.71874
"United Arab Emirates",53.514879351538,NA,NA,NA,NA,NA,NA,NA,NA,NA,71.235296822859,NA,NA,NA,NA,NA,NA,NA,NA,NA,NA,NA,NA,NA,NA,NA,NA,NA,NA,NA,90.0338450216017,NA,NA,NA,NA,NA,NA
"United Kingdom",NA,NA,NA,NA,NA,NA,NA,NA,NA,NA,NA,NA,NA,NA,NA,NA,NA,NA,NA,NA,NA,NA,NA,NA,NA,NA,NA,NA,NA,NA,NA,NA,NA,NA,NA,NA,NA
"United States",NA,NA,NA,NA,NA,NA,NA,NA,NA,NA,NA,NA,NA,NA,NA,NA,NA,NA,NA,NA,NA,NA,NA,NA,NA,NA,NA,NA,NA,NA,NA,NA,NA,NA,NA,NA,NA
"Uruguay",93.861074188943,NA,NA,NA,NA,NA,NA,NA,NA,NA,95.3799755392484,NA,NA,NA,NA,NA,NA,NA,NA,NA,NA,96.7818093028728,NA,NA,NA,NA,NA,NA,NA,NA,NA,97.7896321077334,97.863891345954,98.1635607267232,98.2678983833718,98.0727062896711,NA
"Uzbekistan",NA,NA,NA,NA,NA,NA,NA,NA,NA,NA,NA,NA,NA,NA,NA,NA,NA,NA,NA,NA,NA,NA,NA,NA,NA,98.6425834701697,NA,NA,NA,NA,NA,NA,NA,NA,NA,NA,99.43299
"Vanuatu",NA,NA,NA,NA,52.8739224847009,NA,NA,NA,NA,NA,NA,NA,NA,NA,NA,NA,NA,NA,NA,68.44709,NA,NA,NA,NA,74,NA,NA,NA,NA,78.12244,NA,NA,NA,NA,NA,NA,83.22246
"Venezuela",NA,NA,NA,NA,NA,NA,84.7322045934588,NA,NA,NA,NA,NA,NA,NA,NA,89.8252531161409,NA,NA,NA,NA,NA,NA,NA,NA,NA,NA,92.9798332620823,NA,NA,NA,NA,NA,95.1546396283597,NA,95.5119939195859,NA,NA
"West Bank and Gaza",NA,NA,NA,NA,NA,NA,NA,NA,NA,NA,NA,NA,NA,NA,NA,NA,NA,NA,NA,NA,NA,NA,86.0628856047718,NA,NA,NA,NA,NA,NA,92.2799741732947,NA,93.4499661573454,93.8821354501683,94.0586525445104,94.5991675896729,94.9320112956783,95.26724224622
"Vietnam",NA,NA,NA,NA,83.8259395236668,NA,NA,NA,NA,NA,NA,NA,NA,NA,87.5964506236685,NA,NA,NA,NA,NA,NA,NA,NA,NA,90.2782994783465,90.1561293643304,NA,NA,NA,NA,NA,NA,NA,NA,NA,NA,93.35947
"Yemen, Rep.",NA,NA,NA,NA,NA,NA,NA,NA,NA,NA,NA,NA,NA,NA,NA,NA,NA,NA,NA,37.0900040315913,NA,NA,NA,NA,NA,NA,NA,NA,NA,54.74552,NA,NA,NA,NA,NA,NA,65.26195
"Zambia",NA,NA,NA,NA,NA,NA,NA,NA,NA,NA,NA,NA,NA,NA,NA,64.9982642112334,NA,NA,NA,NA,NA,NA,NA,NA,68.0017912098957,NA,NA,69.14921812881,NA,NA,NA,NA,61.4282878037335,NA,NA,NA,NA
"Zimbabwe",NA,NA,NA,NA,NA,NA,NA,77.7941663170349,NA,NA,NA,NA,NA,NA,NA,NA,NA,83.5125797723276,NA,NA,NA,NA,NA,NA,NA,NA,NA,NA,NA,NA,NA,NA,NA,NA,NA,NA,83.5827144548937
"Abkhazia",NA,NA,NA,NA,NA,NA,NA,NA,NA,NA,NA,NA,NA,NA,NA,NA,NA,NA,NA,NA,NA,NA,NA,NA,NA,NA,NA,NA,NA,NA,NA,NA,NA,NA,NA,NA,NA
"Akrotiri and Dhekelia",NA,NA,NA,NA,NA,NA,NA,NA,NA,NA,NA,NA,NA,NA,NA,NA,NA,NA,NA,NA,NA,NA,NA,NA,NA,NA,NA,NA,NA,NA,NA,NA,NA,NA,NA,NA,NA
"American Samoa",NA,NA,NA,NA,NA,NA,NA,NA,NA,NA,NA,NA,NA,NA,NA,NA,NA,NA,NA,NA,NA,NA,NA,NA,NA,NA,NA,NA,NA,NA,NA,NA,NA,NA,NA,NA,NA
"Channel Islands",NA,NA,NA,NA,NA,NA,NA,NA,NA,NA,NA,NA,NA,NA,NA,NA,NA,NA,NA,NA,NA,NA,NA,NA,NA,NA,NA,NA,NA,NA,NA,NA,NA,NA,NA,NA,NA
"Christmas Island",NA,NA,NA,NA,NA,NA,NA,NA,NA,NA,NA,NA,NA,NA,NA,NA,NA,NA,NA,NA,NA,NA,NA,NA,NA,NA,NA,NA,NA,NA,NA,NA,NA,NA,NA,NA,NA
"Cocos Island",NA,NA,NA,NA,NA,NA,NA,NA,NA,NA,NA,NA,NA,NA,NA,NA,NA,NA,NA,NA,NA,NA,NA,NA,NA,NA,NA,NA,NA,NA,NA,NA,NA,NA,NA,NA,NA
"Czechoslovakia",NA,NA,NA,NA,NA,NA,NA,NA,NA,NA,NA,NA,NA,NA,NA,NA,NA,NA,NA,NA,NA,NA,NA,NA,NA,NA,NA,NA,NA,NA,NA,NA,NA,NA,NA,NA,NA
"East Germany",NA,NA,NA,NA,NA,NA,NA,NA,NA,NA,NA,NA,NA,NA,NA,NA,NA,NA,NA,NA,NA,NA,NA,NA,NA,NA,NA,NA,NA,NA,NA,NA,NA,NA,NA,NA,NA
"Eritrea and Ethiopia",NA,NA,NA,NA,NA,NA,NA,NA,NA,NA,NA,NA,NA,NA,NA,NA,NA,NA,NA,NA,NA,NA,NA,NA,NA,NA,NA,NA,NA,NA,NA,NA,NA,NA,NA,NA,NA
"Faeroe Islands",NA,NA,NA,NA,NA,NA,NA,NA,NA,NA,NA,NA,NA,NA,NA,NA,NA,NA,NA,NA,NA,NA,NA,NA,NA,NA,NA,NA,NA,NA,NA,NA,NA,NA,NA,NA,NA
"Falkland Islands (Malvinas)",NA,NA,NA,NA,NA,NA,NA,NA,NA,NA,NA,NA,NA,NA,NA,NA,NA,NA,NA,NA,NA,NA,NA,NA,NA,NA,NA,NA,NA,NA,NA,NA,NA,NA,NA,NA,NA
"French Guiana",NA,NA,NA,NA,NA,NA,NA,NA,NA,NA,NA,NA,NA,NA,NA,NA,NA,NA,NA,NA,NA,NA,NA,NA,NA,NA,NA,NA,NA,NA,NA,NA,NA,NA,NA,NA,NA
"French Polynesia",NA,NA,NA,NA,NA,NA,NA,NA,NA,NA,NA,NA,NA,NA,NA,NA,NA,NA,NA,NA,NA,NA,NA,NA,NA,NA,NA,NA,NA,NA,NA,NA,NA,NA,NA,NA,NA
"Greenland",NA,NA,NA,NA,NA,NA,NA,NA,NA,NA,NA,NA,NA,NA,NA,NA,NA,NA,NA,NA,NA,NA,NA,NA,NA,NA,NA,NA,NA,NA,NA,NA,NA,NA,NA,NA,NA
"Guadeloupe",NA,NA,NA,NA,NA,NA,NA,NA,NA,NA,NA,NA,NA,NA,NA,NA,NA,NA,NA,NA,NA,NA,NA,NA,NA,NA,NA,NA,NA,NA,NA,NA,NA,NA,NA,NA,NA
"Guam",NA,NA,NA,NA,NA,NA,NA,NA,NA,NA,NA,NA,NA,NA,NA,NA,NA,NA,NA,NA,NA,NA,NA,NA,NA,NA,NA,NA,NA,NA,NA,NA,NA,NA,NA,NA,NA
"Guernsey",NA,NA,NA,NA,NA,NA,NA,NA,NA,NA,NA,NA,NA,NA,NA,NA,NA,NA,NA,NA,NA,NA,NA,NA,NA,NA,NA,NA,NA,NA,NA,NA,NA,NA,NA,NA,NA
"Isle of Man",NA,NA,NA,NA,NA,NA,NA,NA,NA,NA,NA,NA,NA,NA,NA,NA,NA,NA,NA,NA,NA,NA,NA,NA,NA,NA,NA,NA,NA,NA,NA,NA,NA,NA,NA,NA,NA
"Jersey",NA,NA,NA,NA,NA,NA,NA,NA,NA,NA,NA,NA,NA,NA,NA,NA,NA,NA,NA,NA,NA,NA,NA,NA,NA,NA,NA,NA,NA,NA,NA,NA,NA,NA,NA,NA,NA
"Korea, United",NA,NA,NA,NA,NA,NA,NA,NA,NA,NA,NA,NA,NA,NA,NA,NA,NA,NA,NA,NA,NA,NA,NA,NA,NA,NA,NA,NA,NA,NA,NA,NA,NA,NA,NA,NA,NA
"Kosovo",NA,NA,NA,NA,NA,NA,NA,NA,NA,NA,NA,NA,NA,NA,NA,NA,NA,NA,NA,NA,NA,NA,NA,NA,NA,NA,NA,NA,NA,NA,NA,NA,NA,NA,NA,NA,NA
"Martinique",NA,NA,NA,NA,NA,NA,NA,NA,NA,NA,NA,NA,NA,NA,NA,NA,NA,NA,NA,NA,NA,NA,NA,NA,NA,NA,NA,NA,NA,NA,NA,NA,NA,NA,NA,NA,NA
"Mayotte",NA,NA,NA,NA,NA,NA,NA,NA,NA,NA,NA,NA,NA,NA,NA,NA,NA,NA,NA,NA,NA,NA,NA,NA,NA,NA,NA,NA,NA,NA,NA,NA,NA,NA,NA,NA,NA
"New Caledonia",NA,NA,NA,NA,NA,NA,NA,NA,NA,NA,NA,NA,NA,NA,NA,NA,NA,NA,NA,NA,NA,NA,NA,NA,NA,NA,NA,NA,NA,NA,NA,NA,NA,NA,NA,NA,NA
"Ngorno-Karabakh",NA,NA,NA,NA,NA,NA,NA,NA,NA,NA,NA,NA,NA,NA,NA,NA,NA,NA,NA,NA,NA,NA,NA,NA,NA,NA,NA,NA,NA,NA,NA,NA,NA,NA,NA,NA,NA
"Norfolk Island",NA,NA,NA,NA,NA,NA,NA,NA,NA,NA,NA,NA,NA,NA,NA,NA,NA,NA,NA,NA,NA,NA,NA,NA,NA,NA,NA,NA,NA,NA,NA,NA,NA,NA,NA,NA,NA
"Northern Cyprus",NA,NA,NA,NA,NA,NA,NA,NA,NA,NA,NA,NA,NA,NA,NA,NA,NA,NA,NA,NA,NA,NA,NA,NA,NA,NA,NA,NA,NA,NA,NA,NA,NA,NA,NA,NA,NA
"Northern Mariana Islands",NA,NA,NA,NA,NA,NA,NA,NA,NA,NA,NA,NA,NA,NA,NA,NA,NA,NA,NA,NA,NA,NA,NA,NA,NA,NA,NA,NA,NA,NA,NA,NA,NA,NA,NA,NA,NA
"Pitcairn",NA,NA,NA,NA,NA,NA,NA,NA,NA,NA,NA,NA,NA,NA,NA,NA,NA,NA,NA,NA,NA,NA,NA,NA,NA,NA,NA,NA,NA,NA,NA,NA,NA,NA,NA,NA,NA
"Reunion",NA,NA,NA,NA,NA,NA,NA,NA,NA,NA,NA,NA,NA,NA,NA,NA,NA,NA,NA,NA,NA,NA,NA,NA,NA,NA,NA,NA,NA,NA,NA,NA,NA,NA,NA,NA,NA
"Saint Barthélemy",NA,NA,NA,NA,NA,NA,NA,NA,NA,NA,NA,NA,NA,NA,NA,NA,NA,NA,NA,NA,NA,NA,NA,NA,NA,NA,NA,NA,NA,NA,NA,NA,NA,NA,NA,NA,NA
"Saint Helena",NA,NA,NA,NA,NA,NA,NA,NA,NA,NA,NA,NA,NA,NA,NA,NA,NA,NA,NA,NA,NA,NA,NA,NA,NA,NA,NA,NA,NA,NA,NA,NA,NA,NA,NA,NA,NA
"Saint Martin",NA,NA,NA,NA,NA,NA,NA,NA,NA,NA,NA,NA,NA,NA,NA,NA,NA,NA,NA,NA,NA,NA,NA,NA,NA,NA,NA,NA,NA,NA,NA,NA,NA,NA,NA,NA,NA
"Saint-Pierre-et-Miquelon",NA,NA,NA,NA,NA,NA,NA,NA,NA,NA,NA,NA,NA,NA,NA,NA,NA,NA,NA,NA,NA,NA,NA,NA,NA,NA,NA,NA,NA,NA,NA,NA,NA,NA,NA,NA,NA
"Serbia and Montenegro",NA,NA,NA,NA,NA,NA,NA,NA,NA,NA,NA,NA,NA,NA,NA,NA,NA,NA,NA,NA,NA,NA,NA,NA,NA,NA,NA,NA,NA,NA,NA,NA,NA,NA,NA,NA,NA
"Serbia excluding Kosovo",NA,NA,NA,NA,NA,NA,NA,NA,NA,NA,NA,NA,NA,NA,NA,NA,NA,NA,NA,NA,NA,NA,NA,NA,NA,NA,NA,NA,NA,NA,NA,NA,NA,NA,NA,NA,NA
"Somaliland",NA,NA,NA,NA,NA,NA,NA,NA,NA,NA,NA,NA,NA,NA,NA,NA,NA,NA,NA,NA,NA,NA,NA,NA,NA,NA,NA,NA,NA,NA,NA,NA,NA,NA,NA,NA,NA
"South Ossetia",NA,NA,NA,NA,NA,NA,NA,NA,NA,NA,NA,NA,NA,NA,NA,NA,NA,NA,NA,NA,NA,NA,NA,NA,NA,NA,NA,NA,NA,NA,NA,NA,NA,NA,NA,NA,NA
"South Sudan",NA,NA,NA,NA,NA,NA,NA,NA,NA,NA,NA,NA,NA,NA,NA,NA,NA,NA,NA,NA,NA,NA,NA,NA,NA,NA,NA,NA,NA,NA,NA,NA,NA,NA,NA,NA,NA
"Svalbard",NA,NA,NA,NA,NA,NA,NA,NA,NA,NA,NA,NA,NA,NA,NA,NA,NA,NA,NA,NA,NA,NA,NA,NA,NA,NA,NA,NA,NA,NA,NA,NA,NA,NA,NA,NA,NA
"Taiwan",NA,NA,NA,NA,NA,NA,NA,NA,NA,NA,NA,NA,NA,NA,NA,NA,NA,NA,NA,NA,NA,NA,NA,NA,NA,NA,NA,NA,NA,NA,NA,NA,NA,NA,NA,NA,NA
"Transnistria",NA,NA,NA,NA,NA,NA,NA,NA,NA,NA,NA,NA,NA,NA,NA,NA,NA,NA,NA,NA,NA,NA,NA,NA,NA,NA,NA,NA,NA,NA,NA,NA,NA,NA,NA,NA,NA
"USSR",NA,NA,NA,NA,NA,NA,NA,NA,NA,NA,NA,NA,NA,NA,NA,NA,NA,NA,NA,NA,NA,NA,NA,NA,NA,NA,NA,NA,NA,NA,NA,NA,NA,NA,NA,NA,NA
"Wallis et Futuna",NA,NA,NA,NA,NA,NA,NA,NA,NA,NA,NA,NA,NA,NA,NA,NA,NA,NA,NA,NA,NA,NA,NA,NA,NA,NA,NA,NA,NA,NA,NA,NA,NA,NA,NA,NA,NA
"West Germany",NA,NA,NA,NA,NA,NA,NA,NA,NA,NA,NA,NA,NA,NA,NA,NA,NA,NA,NA,NA,NA,NA,NA,NA,NA,NA,NA,NA,NA,NA,NA,NA,NA,NA,NA,NA,NA
"Western Sahara",NA,NA,NA,NA,NA,NA,NA,NA,NA,NA,NA,NA,NA,NA,NA,NA,NA,NA,NA,NA,NA,NA,NA,NA,NA,NA,NA,NA,NA,NA,NA,NA,NA,NA,NA,NA,NA
"Virgin Islands (U.S.)",NA,NA,NA,NA,NA,NA,NA,NA,NA,NA,NA,NA,NA,NA,NA,NA,NA,NA,NA,NA,NA,NA,NA,NA,NA,NA,NA,NA,NA,NA,NA,NA,NA,NA,NA,NA,NA
"Yemen Arab Republic (Former)",NA,NA,NA,NA,NA,NA,NA,NA,NA,NA,NA,NA,NA,NA,NA,NA,NA,NA,NA,NA,NA,NA,NA,NA,NA,NA,NA,NA,NA,NA,NA,NA,NA,NA,NA,NA,NA
"Yemen Democratic (Former)",NA,NA,NA,NA,NA,NA,NA,NA,NA,NA,NA,NA,NA,NA,NA,NA,NA,NA,NA,NA,NA,NA,NA,NA,NA,NA,NA,NA,NA,NA,NA,NA,NA,NA,NA,NA,NA
"Yugoslavia",NA,NA,NA,NA,NA,NA,NA,NA,NA,NA,NA,NA,NA,NA,NA,NA,NA,NA,NA,NA,NA,NA,NA,NA,NA,NA,NA,NA,NA,NA,NA,NA,NA,NA,NA,NA,NA
"Åland",NA,NA,NA,NA,NA,NA,NA,NA,NA,NA,NA,NA,NA,NA,NA,NA,NA,NA,NA,NA,NA,NA,NA,NA,NA,NA,NA,NA,NA,NA,NA,NA,NA,NA,NA,NA,NA
NA,NA,NA,NA,NA,NA,NA,NA,NA,NA,NA,NA,NA,NA,NA,NA,NA,NA,NA,NA,NA,NA,NA,NA,NA,NA,NA,NA,NA,NA,NA,NA,NA,NA,NA,NA,NA,NA
NA,NA,NA,NA,NA,NA,NA,NA,NA,NA,NA,NA,NA,NA,NA,NA,NA,NA,NA,NA,NA,NA,NA,NA,NA,NA,NA,NA,NA,NA,NA,NA,NA,NA,NA,NA,NA,NA
